Hedging Frequency,Mean Squared Error Delta Hedging
1,6.290844475476164
2,9.332384102901894
3,10.858782243855424
4,17.093255721972085
5,18.137525013668967
6,38.93713085783621
7,33.395630381853145
8,58.54652893258041
9,102.07698529494374
10,37.52845143783308
