Time to Maturity,Mean Squared Error Delta Hedging
10,3.7171366985764442
15,3.847483346072878
20,3.9748780111775672
25,3.991207153347243
30,4.118448949450326
