Time to Maturity,Mean Squared Error Delta Hedging
10,5.446691127574769
15,5.303494515121647
20,4.436302331280119
25,3.9020693291047275
30,4.733880191253019
35,4.393282793173318
40,4.441215859923295
