Hedging Frequency,Mean Squared Error Delta-Vega Hedging
1,1.1496595155057925
2,1.5166764987357924
3,1.1139498323194001
4,2.2746646864629088
5,2.7096949121770857
6,2.1458827810157564
7,4.786924135083646
8,6.578490793417677
9,4.655251663895903
10,4.150130876844753
