Time to Maturity,Mean Squared Error Delta-Vega Hedging
10,0.3575392277729389
15,0.33282860875494263
20,0.3612693880322837
25,0.40165022682884227
30,0.45348124961927416
