Hedging Frequency,Mean Squared Error Delta Hedging
1,3.6589660872668084
2,5.470120500560071
3,6.779636964418572
4,9.098977760258311
5,12.40564389312541
6,17.126796960708702
7,21.556683702193332
8,27.869453077453322
9,31.625722422090256
10,33.3662579555248
